Cairns,Genesis,"113 Lake St, Cairns City QLD 4870, Australia",genesisfitness.com.au,+61 7 4040 5000
Cairns,Think Fitness,"217 Sheridan St, Cairns North QLD 4870, Australia",thinkfitness.net.au,+61 7 4242 4604
Cairns,"Club ONE Fitness 24/7 - Health and Fitness Club. Bentley Park, Cairns Gym","Shop 10/96 McLaughlin Rd, Bentley Park QLD 4869, Australia",clubonefitness.com.au,+61 7 4045 0267
Cairns,Five Star Fitness Earlville,"537 Mulgrave Rd, Earlville QLD 4870, Australia",fivestarfitness247.com,+61 460 415 647
Cairns,Active Health Club,"159 Pease St, Edge Hill QLD 4870, Australia",activehealthclubs.com.au,+61 7 4053 8600
Cairns,Fitstop Cairns,"Shop 23/131-145 Draper St, Portsmith QLD 4870, Australia",fitstop.com,+61 468 444 460
Cairns,CrossFit North 16145,"2/5 Toohey St, Cairns City QLD 4870, Australia",crossfitnorth16145.com,
Cairns,F45 Training Cairns CBD,"199 Mulgrave Rd, Bungalow QLD 4870, Australia",f45training.com.au,+61 427 380 423
Cairns,Iron Strength Power & Performance,"Shed 2/81 Fearnley St, Portsmith QLD 4870, Australia",ironstrength.com.au,+61 423 531 278
Cairns,QSC Gym,"358 Sheridan St, Cairns North QLD 4870, Australia",qscgym.com,+61 431 728 939
Cairns,CrossFit Kantok,"36-38 Moffat St, Cairns North QLD 4870, Australia",crossfitkantok.com,+61 480 092 059
Cairns,Genesis Westcourt Sportsworld,"268 Gatton St, Westcourt QLD 4870, Australia",genesisfitness.com.au,+61 7 4051 2863
Cairns,Total Fitness Management,"146 McLeod St, Cairns City QLD 4870, Australia",tfmcairns.com.au,+61 427 628 935
Cairns,Your Fitness Cairns,"39 Grafton St, Cairns City QLD 4870, Australia",yourfitness.net.au,+61 7 4041 2938
Cairns,Kor Fitness and Health 24/7,"53 Bruce Hwy, Edmonton QLD 4869, Australia",korfitness.com.au,+61 7 4045 6699
Cairns,Cairns Esplanade Fitness Station (Green Gym),"120 Esplanade, Cairns City QLD 4870, Australia",cairns.qld.gov.au,+61 7 4044 3715
Cairns,CrossFit Dungeon,"3/261-273 McCormack St, Manunda QLD 4870, Australia",crossfitdungeon.com,+61 413 211 391
Cairns,1 Million Strong Gym,"Smithfield Shopping Centre, Smithfield QLD 4878, Australia",1millionstronggym.com,+61 7 4038 1729
Cairns,F45 Training Cairns Inner West,"Shop 1/147 Anderson St, Manoora QLD 4870, Australia",f45training.com,+61 488 934 545
Cairns,The Ground,"81-91 Scott St, Cairns City QLD 4870, Australia",theground.com.au,+61 7 4031 9960
Cairns,Genesis Health and Fitness Edmonton (Southside),"1-3 Hargreaves St, Edmonton QLD 4869, Australia",genesisfitness.com.au,+61 7 4245 8900
Cairns,Shoshin Movement Studio,"Level 2/82 Grafton St, Cairns City QLD 4870, Australia",shmv.com.au,+61 423 724 966
Cairns,Anytime Fitness,"2/1 Charlotte Cl, Woree QLD 4868, Australia",anytimefitness.com.au,+61 7 4242 1630
Cairns,Anytime Fitness,"2 Mount Finnigan Ct, Smithfield QLD 4878, Australia",anytimefitness.com.au,+61 7 4242 1600
Cairns,F45 Training Cairns Northern Beaches,"Smithfield Shopping Centre, Smithfield QLD 4878, Australia",f45training.com.au,+61 477 838 345
Cairns,Studio A Health and Fitness,"9A/92 Pease St, Manoora QLD 4870, Australia",studio-a.com.au,+61 488 601 520
Cairns,Anytime Fitness,"7/11 Walker Rd, Edmonton QLD 4869, Australia",anytimefitness.com.au,+61 7 4242 1610
Cairns,Fusion Fight and Fitness,"12 Magazine St, Stratford QLD 4870, Australia",fusionfightandfitness.com.au,+61 408 799 828
Hobart,Planet Fitness,"1901 E 37th Ave, Hobart, IN 46342",planetfitness.com,(219) 940-3956
Hobart,Anytime Fitness,"7878 E Ridge Rd, Hobart, IN 46342",anytimefitness.com,(219) 945-3099
Hobart,Anytime Fitness,"71 Bathurst St, Hobart TAS 7000, Australia",anytimefitness.com.au,+61 466 411 417
Hobart,Artgym,"37 Barrack St, Hobart TAS 7000, Australia",artgym.com.au,+61 437 664 987
Hobart,"GTT Performance Centre - Gym, Health and Fitness Centre in Hobart, TAS","Basement Level, 27 Elizabeth St, Hobart TAS 7000, Australia",gtt.com.au,+61 408 628 278
Hobart,Zap Fitness 24/7 Hobart Central,"59 Liverpool St, Hobart TAS 7000, Australia",zapfitness.com.au,+61 1300 927 348
Hobart,Zap Fitness 24/7 Hobart CBD,"188 Collins St, Hobart TAS 7000, Australia",zapfitness.com.au,+61 1300 927 348
Hobart,Friends Health & Fitness,"7 Wilson St, North Hobart TAS 7000, Australia",friendshealthandfitness.com.au,+61 3 6210 2241
Hobart,F45 Training Hobart CBD,"Level 1/69 Liverpool St, Hobart TAS 7000, Australia",f45training.com.au,+61 455 450 064
Hobart,Zap Fitness 24/7 North Hobart,"350 Elizabeth St, North Hobart TAS 7000, Australia",zapfitness.com.au,+61 1300 927 348
Hobart,CrossFit 42 South,"2/4b Patrick St, Hobart TAS 7000, Australia",crossfit42s.com.au,
Hobart,Zap Fitness 24/7 Hobart City,"107 Liverpool St, Hobart TAS 7000, Australia",zapfitness.com.au,+61 1300 927 348
Hobart,All Aerobics Fitness,"37-47 Melville St, Hobart TAS 7000, Australia",allaerobics.com.au,+61 3 6231 6547
Hobart,Hobart Fitness Training,"The Long House, 6 Evans St, Hobart TAS 7000, Australia",hobartfitnesstraining.com.au,+61 414 600 499
Hobart,Hybrid Training Centre,"121 Argyle St, Hobart TAS 7000, Australia",hybridtrainingcentre.com.au,+61 413 051 884
Hobart,Personal Best Fitness,"67 Letitia St, North Hobart TAS 7000, Australia",personalbestfitness.com.au,+61 3 6234 5969
Hobart,Personal Best Fitness,"T & G Building, Level/1, 115 Collins St, Hobart TAS 7000, Australia",feelgoodfemalefitness.com.au,+61 3 6224 5977
Hobart,BurnTheory,"15/117 Liverpool St, Hobart TAS 7000, Australia",burntheory.com.au,
Hobart,Be like bill community,"105 Liverpool St, Hobart TAS 7000, Australia",belikebillcommunity.com.au,+61 457 366 920
Hobart,BFT Hobart CBD,"50 Elizabeth St, Hobart TAS 7000, Australia",bft.studio,+61 447 807 992
Hobart,Diamond Class Pole Dance and Fitness Studio,"61 Molle St, Hobart TAS 7000, Australia",dcpolefitness.com.au,+61 439 481 959
Hobart,Anytime Fitness,"Level 1/19 Magnet Ct, Sandy Bay TAS 7005, Australia",anytimefitness.com.au,+61 466 413 153
Hobart,Iron Jungle,"48 Main Rd, Moonah TAS 7009, Australia",ironjungle.com.au,+61 459 422 535
Hobart,Fitstop North Hobart,"237 Elizabeth St, Hobart TAS 7000, Australia",fitstop.com,+61 407 058 323
Hobart,Zap Premium Salamanca,"13 Gladstone St, Battery Point TAS 7004, Australia",zapfitness.com.au,+61 1300 927 348
Hobart,Zap Premium Salamanca,"13 Gladstone St, Battery Point TAS 7004, Australia",zapfitness.com.au,+61 1300 927 348
Hobart,FORT FITNESS,"137 Mornington Road, Mornington, Hobart TAS 7018, Australia",fortfitness.com.au,+61 408 134 675
Hobart,The Studio SoHo,"273 Davey St, South Hobart TAS 7004, Australia",thestudiohq.com.au,+61 407 122 950
Hobart,Doone Kennedy Hobart Aquatic Centre,"1 Davies Ave, Queens Domain TAS 7000, Australia",hobartaquaticcentre.com.au,+61 3 6222 6999
Hobart,FitZone 24/7,"8 Pear Ave, Derwent Park TAS 7009, Australia",fitzone247.com.au,+61 417 796 655
Hobart,Leviathan Strength Gym,"36 Sunderland St, Moonah TAS 7009, Australia",leviathanstrength.com,+61 482 081 339
Hobart,Personal Training Coach Josh Wood,"117 Sandy Bay Rd, Hobart TAS 7005, Australia",coachjoshwood.com,+61 444 531 976
Hobart,Hobart Police and Community Youth Club,"Police & Citizens Youth Club, 300 Liverpool St, Hobart TAS 7000, Australia",hobartpcyc.org.au,+61 3 6107 9206
Hobart,Wrest Point Health Club,"410 Sandy Bay Rd, Sandy Bay TAS 7005, Australia",hthealth.com.au,+61 3 6221 1675
Hobart,Fortitude Strength Conditioning Athletes,"6 Pear Ave, Derwent Park TAS 7009, Australia",fortitudegym.com.au,+61 422 224 516
Hobart,B Young Fitness Coaching at Little Jim Gym,"114 New Town Rd, New Town TAS 7008, Australia",byoungfitness.business.site,+61 418 146 818
Hobart,Anytime Fitness,"Tenancy A/31 Bligh St, Rosny Park TAS 7018, Australia",anytimefitness.com.au,+61 432 042 108
Hobart,Zap Fitness 24/7 Sandy Bay,"205 Sandy Bay Rd, Sandy Bay TAS 7005, Australia",zapfitness.com.au,+61 1300 927 348
Hobart,Freedom Fitness,"2 Davies Ave, Domain TAS 7000, Australia",freedomfitnesstas.com.au,+61 409 190 275
Hobart,Hobart Exercise Physiology,"Shop 2/458 Macquarie St, South Hobart TAS 7004, Australia",hobartexercisephysiology.com.au,+61 447 533 083
Hobart,Grit Fitness,"3 Sunderland St, Moonah TAS 7009, Australia",business.site,+61 429 290 021
Hobart,Alceme,"6 Victoria St, Hobart TAS 7000, Australia",alceme.com,+61 460 440 094
Hobart,F45 Training Bellerive,"Shop 1/31 Cambridge Rd, Bellerive TAS 7018, Australia",f45training.com.au,+61 455 450 064
Hobart,Udara Movement Studio - Yoga + Pilates,"150 Murray St, Hobart TAS 7000, Australia",udarastudio.com.au,+61 423 045 766
Hobart,FLOWSTATE PHYSIO,"All Aerobics Gym, 37-47 Melville St, Hobart TAS 7000, Australia",flowstatephysio.com,+61 481 301 919
Hobart,BOUNCEinc Hobart,"1 Linear Ct, Derwent Park TAS 7009, Australia",bounceinc.com.au,+61 3 9131 5099
Hobart,The Studio Salamanca,"17 Gladstone St, Battery Point TAS 7004, Australia",thestudiohq.com.au,+61 407 122 950
Hobart,Raw Strength Tasmania,"59a Albert Rd, Moonah TAS 7010, Australia",rawstrengthtas.com.au,+61 447 298 424
Hobart,MBS Fitness Hobart,"22-24 Green Point Rd, Bridgewater TAS 7030, Australia",mbsfit.net,+61 434 029 537
Hobart,Lotus Centre,"45 Victoria St, Hobart TAS 7000, Australia",lotuscentre.info,+61 3 6231 9669
Hobart,Holistic Fit,"42 Darcy St, South Hobart TAS 7004, Australia",holisticfitcollect.wixsite.com,
Hobart,Anytime Fitness,"Channel Court Shopping Centre, 29 Channel Hwy, Kingston TAS 7050, Australia",anytimefitness.com.au,+61 3 6229 1484
Hobart,Studio PT Unlimited,"Suite 3/117 Sandy Bay Rd, Sandy Bay TAS 7005, Australia",ptunlimited.com.au,+61 400 685 403
Hobart,Mizu Brazilian Jiu-Jitsu,"148 Murray St, Hobart TAS 7000, Australia",mizubjj.com.au,+61 423 355 909
Hobart,3 Degrees Pilates Studio,"78 Bathurst St, Hobart TAS 7000, Australia",3degrees-pilates.com.au,+61 3 6224 7267
Hobart,FLEX Health Therapy,"6/221 Macquarie St, Hobart TAS 7000, Australia",flexhealththerapy.com.au,+61 3 6287 6019
Hobart,Planet Max,"10/22-26 Elizabeth St, Hobart TAS 7000, Australia",planetmax.com.au,+61 3 6223 6028
Hobart,Hobart Running Academy,"64/68 Liverpool St, Hobart TAS 7000, Australia",hobartrunningacademy.com,+61 419 992 007
Hobart,Cult Fitness,"Shop 1/476 S Arm Rd, Lauderdale TAS 7021, Australia",cultfitness.com.au,+61 400 048 522
Hobart,Mud Personal Training,"59 Liverpool St, Hobart TAS 7000, Australia",ptmud.com.au,+61 448 151 666
Hobart,South Hobart Yoga & Meditation,"14 Weld St, South Hobart TAS 7004, Australia",shyam.net.au,+61 474 321 784
Hobart,Hobart Strength Training,"17 Chessington Ct, Sandy Bay TAS 7005, Australia",hobartstrengthtraining.com.au,+61 402 430 127
Hobart,Kieser Hobart,"110 Argyle St, Hobart TAS 7000, Australia",kieser.com.au,+61 3 6142 3880
Hobart,Zumba with Rhonda,"St James Hall, 462 Elizabeth St, New Town TAS 7000, Australia",rhondaanthony.zumba.com,+61 409 973 653
Hobart,BurnTheory Moonah,"80-82 Main Rd, Moonah TAS 7009, Australia",burntheory.com.au,+61 450 055 354
Hobart,Money Fitness Centre,"142 Argyle St, Hobart TAS 7000, Australia",moneyfitness.com.au,+61 3 6234 3455
Hobart,The Studio Hobart,"2-4 Gladstone St, Battery Point TAS 7004, Australia",thestudiohq.com.au,+61 3 6134 9062
Hobart,Hobart School of Iyengar Yoga,"4a/105 Liverpool St, Hobart TAS 7000, Australia",hobartiyengar.com,+61 3 6231 2557
Hobart,Integral Movement,"171 Brooker Ave, Glebe TAS 7000, Australia",integralmovement.xyz,+61 405 002 115
Hobart,Balanced Wellbeing,"58 Melville St, Hobart TAS 7000, Australia",balancedwellbeing.com.au,+61 416 078 540
Gold Coast,FFC Gold Coast,"1030 N Clark St #600, Chicago, IL 60610",ffc.com,(312) 944-1030
Gold Coast,Equinox Gold Coast,"900 North Michigan Avenue, Chicago, IL 60611",equinox.com,(312) 254-2500
Gold Coast,Fitness Formula Clubs,"Shop 1001, Australia Fair Metro, 61 Scarborough St, Southport QLD 4215, Australia",globehealthclub.com.au,+61 7 5531 1101
Gold Coast,World Gym Surfers Paradise,"Shop 6/3-15 Orchid Ave, Surfers Paradise QLD 4217, Australia",worldgym.com,+61 7 5592 1656
Gold Coast,Coco?s Gym,"1/4 Production Ave, Molendinar QLD 4214, Australia",cocosgym.com.au,+61 7 5563 2044
Gold Coast,Empire Fitness Centre,"354 Brisbane Rd, Arundel QLD 4214, Australia",empirefitness.com.au,+61 7 5574 6138
Gold Coast,Fitness on Capri 24/7 Gym,"Upstairs, 15/21 Via Roma, Surfers Paradise QLD 4217, Australia",fitnessoncapri.com.au,+61 7 5539 9498
Gold Coast,Snap Fitness 24/7 Miami,"2160 Gold Coast Hwy, Miami QLD 4220, Australia",snapfitness.com,+61 499 588 166
Gold Coast,Inside Out Health Club,"76/122 Napper Rd, Parkwood QLD 4214, Australia",insideouthealthclub.com.au,+61 411 123 115
Gold Coast,Milon Premium Health Clubs,"Shop 110/74 Seaworld Dr, Main Beach QLD 4217, Australia",milon.com.au,+61 7 5528 1818
Gold Coast,Globe Gym,"10 Classic Way, Burleigh Waters QLD 4220, Australia",globegym.com.au,+61 7 5593 7776
Gold Coast,Snap Fitness 24/7 Surfers Paradise,"Level 1/3031-3033 Surfers Paradise Blvd, Surfers Paradise QLD 4217, Australia",snapfitness.com,+61 487 555 252
Gold Coast,Anytime Fitness Miami,"2019 Gold Coast Hwy, Miami QLD 4220, Australia",anytimefitness.com.au,+61 452 422 019
Gold Coast,MyFitness Club Broadbeach,"Level 2, Shop 27 Oasis Shopping Centre, Victoria Ave, Broadbeach QLD 4218, Australia",myfitnessclub.com.au,+61 1300 172 544
Gold Coast,WickedBodz First Class Fitness Centre,"Level 1& 2/45 Cavill Ave, Surfers Paradise QLD 4217, Australia",wickedbodz.com,+61 410 418 818
Gold Coast,Anytime Fitness Southport,"45/49 Nind St, Southport QLD 4215, Australia",anytimefitness.com.au,+61 411 069 947
Gold Coast,World Gym Ashmore,"542 Olsen Ave, Ashmore QLD 4215, Australia",worldgym.com,+61 7 5564 6686
Gold Coast,World Gym Burleigh,"Shop 1 Burleigh Central 177-195 Reedy Creek Road, Burleigh Heads QLD 4220, Australia",worldgym.com,+61 7 5568 7254
Gold Coast,Southport Sharks Health + Fitness,"Musgrave Ave &, Olsen Ave, Southport QLD 4215, Australia",sharksfitness.com.au,+61 7 5591 5800
Gold Coast,Body Temple Fitness Centre,"32 Bay St, Southport QLD 4215, Australia",body-temple.com.au,+61 431 883 720
Gold Coast,Fitness Compound,"4/28 Export Dr, Molendinar QLD 4214, Australia",fitnesscompound.com.au,+61 429 093 418
Gold Coast,miami FITNESS,"56 Paradise Ave, Miami QLD 4220, Australia",miamifitness.com.au,+61 7 5572 0577
Gold Coast,Ground ZeroW | Arundel Strength Training and Powerlifting Gym,"4/36 Newheath Dr, Arundel QLD 4214, Australia",zerow.com.au,
Gold Coast,Fitstop,"2/11 Strathaird Rd, Bundall QLD 4217, Australia",fitstoptraining.com.au,+61 401 017 034
Gold Coast,Snap Fitness 24/7 Palm Beach,"1156/1164 Gold Coast Hwy, Palm Beach QLD 4221, Australia",snapfitness.com,+61 447 673 519
Gold Coast,NQ Fit Factory,"3/82 Bundall Rd, Bundall QLD 4217, Australia",nqfitfactory.com,+61 421 928 544
Gold Coast,Nexus Performance Gym,"Unit 6/65 Township Dr, Burleigh Heads QLD 4220, Australia",nexusperformance.com.au,+61 401 660 338
Gold Coast,Reinvigr8 24/7 Gym,"34 Siganto Dr, Helensvale QLD 4212, Australia",reinvigr8.com.au,+61 1300 533 734
Gold Coast,NOFOMO Gym Bundall,"5/22 Crombie Ave, Bundall QLD 4217, Australia",nofomobundall.com.au,+61 478 572 551
Gold Coast,Get Motivated Health and Fitness,"58 Thomas Dr, Surfers Paradise QLD 4217, Australia",teamgm.com.au,+61 7 5627 0380
Gold Coast,K.O. Fitness Miami,"1926 Gold Coast Hwy, Miami QLD 4220, Australia",kofitness.com.au,+61 7 5520 1123
Gold Coast,Southside Fitness - Gold Coast,"15 Gateway Dr, Biggera Waters QLD 4216, Australia",southsidefitness.com.au,+61 7 5537 8827
Gold Coast,MyFit Gold Coast,"Shop 6/3029 The Blvd, Carrara QLD 4211, Australia",myfitonline.com.au,+61 438 573 311
Gold Coast,Goodlife Health Clubs Burleigh Waters,"2 Santa Maria Ct, Robina QLD 4220, Australia",goodlife.com.au,+61 7 5630 7500
Gold Coast,Goodlife Health Clubs Bundall,"100 Bundall Rd, Bundall QLD 4217, Australia",goodlife.com.au,+61 7 5600 0300
Gold Coast,EMF Fitness Centre Surfers Paradise,"3184 Surfers Paradise Blvd, Surfers Paradise QLD 4217, Australia",emfpc.com.au,+61 488 049 824
Gold Coast,Anytime Fitness Robina,"7 Centreline Pl, Robina QLD 4226, Australia",anytimefitness.com.au,+61 7 5562 2785
Gold Coast,ACTV Strength Co,"25/2 Calabro Way, Burleigh Heads QLD 4220, Australia",actvstrengthco.com,+61 432 346 334
Gold Coast,G23 Fitness,"20 Medika St, Runaway Bay QLD 4216, Australia",g23fitness.com.au,+61 410 684 853
Gold Coast,CrossFit Urban Energy | Southport,"53/3 Jackman St, Southport QLD 4215, Australia",urban-gold-coast.com,+61 412 428 338
Gold Coast,Club Active,"1a/71 Upton St, Bundall QLD 4217, Australia",clubactive.com.au,+61 7 5551 6737
Gold Coast,Boonchu International Muay Thai gym,"7/9 Kortum Dr, Burleigh Heads QLD 4220, Australia",boonchu.com,+61 7 5576 0936
Gold Coast,UFC GYM Ashmore,"566 Olsen Ave, Ashmore QLD 4214, Australia",ufcgym.com.au,+61 7 5507 7763
Gold Coast,F45 Training,"L1:20 Oasis Shopping Centre, Broadbeach QLD 4218, Australia",f45training.com.au,+61 424 172 241
Gold Coast,Body Fit Training Miami,"1 Toombul Ave, Miami QLD 4220, Australia",bodyfittraining.com,+61 431 770 417
Gold Coast,Platinum Lifestyle Academy Boxing Weights Gym Burleigh Heads Gold Coast,"25 Hutchinson St, Burleigh Heads QLD 4220, Australia",pla.com.au,+61 476 172 456
Gold Coast,My First Gym,"345 Southport Nerang Rd, Molendinar QLD 4214, Australia",myfirstgym.com.au,+61 499 332 677
Gold Coast,My First Gym,"Cnr Scottsdale Dr. & Robina Town Centre Dr Robina Super Center, Robina QLD 4226, Australia",myfirstgym.com.au,+61 477 015 644
Gold Coast,Stepz Fitness Benowa,"203 Ashmore Rd, Benowa QLD 4217, Australia",stepzfitness.com.au,+61 7 5679 3256
Gold Coast,Core Climbing,"122 Eastlake St, Carrara QLD 4211, Australia",coreclimbing.com.au,+61 7 5530 2323
Gold Coast,Uni Fitness,"The Link (G07), Griffith University, Parklands Drive, Southport QLD 4222, Australia",gugcstudentguild.com.au,+61 7 5552 9137
Gold Coast,Goodlife Health Clubs,"Robina Town Centre Dr, Robina QLD 4230, Australia",goodlife.com.au,+61 7 5562 3700
Gold Coast,Sierra Fitness Mermaid Waters Q Super Centre,"14 Allandale Entrance, Mermaid Waters QLD 4218, Australia",sierrafitnessqcentre.com,+61 481 324 762
Gold Coast,Kieser Bundall,"106 Bundall Rd, Bundall QLD 4217, Australia",kieser.com.au,+61 7 5649 9911
Gold Coast,EMF Fitness Centre Pacific Fair,"Pacific Fair Shopping Centre, Broadbeach QLD 4218, Australia",emfpc.com.au,+61 452 533 750
Gold Coast,Alpine Indoor Climbing,"86 Robina Town Centre Dr, Robina QLD 4230, Australia",alpineindoorclimbing.com,+61 7 5689 0606
Gold Coast,Wickedbodz Boxing Gym,"Level 1/45 Cavill Ave, Surfers Paradise QLD 4217, Australia",wbbg.com.au,+61 410 418 818
Gold Coast,Platinum by EMF,"Unit 42A Hooker Blvd, Broadbeach QLD 4218, Australia",emfpc.com.au,+61 417 529 798
Gold Coast,Azure Spa & Fitness,"Pool Level, The Star Gold Coast, 1 Casino Drive, 1 Casino Dr, Broadbeach QLD 4218, Australia",star.com.au,+61 7 5592 8501
Gold Coast,Therapy Fitness,"Cnr Markeri St &, Southport Burleigh Rd Q Super Centre, Shop D2/D3, Mermaid Waters QLD 4218, Australia",therapyfitness.com.au,+61 455 803 377
Gold Coast,Shindo Mma,"7/7 Distribution Ave, Molendinar QLD 4214, Australia",shindomma.net,+61 415 676 732
Gold Coast,BJJ - Southside Brazilian Jiu-Jitsu Gold Coast,"34 Taree St, Burleigh Heads QLD 4220, Australia",bjjgoldcoast.com.au,+61 451 011 584
Gold Coast,Fitness Enhancement Personal Training,"20 Lawrence Dr, Nerang QLD 4211, Australia",fitnessenhancement.com,+61 7 5596 6617
Gold Coast,Soul Centre Yoga & Pilates Studio,"Level 1/35 Upton St, Bundall QLD 4217, Australia",soulcentre.com.au,+61 409 443 034
Gold Coast,PCYC Gold Coast,"180 Monaco St, Broadbeach Waters QLD 4218, Australia",pcyc.org.au,+61 7 5538 5201
Gold Coast,Gold Coast Trampoline Centre and Ninja Action Zone,"Cnr Ferry Road and Benowa Road Centre Inside Southport Park Shopping centre, Southport QLD 4215, Australia",superperformancecentre.com.au,+61 7 5532 8429
Gold Coast,HYPOXI,"Shop 10 Southport Park Village, 175 Ferry Rd, Southport QLD 4215, Australia",hypoxibodyzone.com.au,+61 468 478 884
Darwin,Planet Fitness,"3225 SW Port St Lucie Blvd, Port St. Lucie, FL 34953",planetfitness.com,(772) 242-0146
Darwin,Fitnessworks NT,"100 Mitchell St, Darwin City NT 0800, Australia",fitnessworksnt.com.au,+61 8 8941 8711
Darwin,Anytime Fitness,"40 Stuart Hwy, Stuart Park NT 0820, Australia",anytimefitness.com.au,+61 481 964 617
Darwin,Anytime Fitness,"The Northwood Club, 22 Chestnut Ave, Northwood HA6 1HR, United Kingdom",darwinwellness.co.uk,+44 1923 842238
Darwin,IFitness 24/7 Darwin City,"56 Smith St, Darwin City NT 0800, Australia",ifitness247.com.au,+61 8 8942 2899
Darwin,Snap Fitness 24/7 Winnellie,"Shop 5 6/14 Winnellie Rd, Winnellie NT 0820, Australia",snapfitness.com,+61 428 528 521
Darwin,Evolve Fitness,"Evolve Fitness NT Warehouse 3 &, 4/1 Carey St, Darwin City NT 0800, Australia",evolve-fitness.com.au,+61 8 8942 4958
Darwin,Snap Fitness Parap 24/7,"3/3 Nylander St, Parap NT 0820, Australia",snapfitness.com,+61 437 727 161
Darwin,Edge Health Club,"1 Monterey House, 247 Trower Rd, Casuarina NT 0810, Australia",edgehealthclubs.com.au,+61 8 8927 2099
Darwin,Fitness Playground Gateway,"Gateway Shopping Centre, 1 Roystonea Ave, Yarrawonga NT 0830, Australia",fitnessplayground.com.au,+61 8 8914 8870
Darwin,CrossFit Darwin,"4 Finniss St, Darwin City NT 0810, Australia",crossfitdarwin.com,
Darwin,iFitness 24/7,"348 Bagot Rd, Millner NT 0810, Australia",ifitness247.com.au,+61 8 8948 0431
Darwin,FitnessWorks Nightcliff,"71D Progress Dr, Nightcliff NT 0810, Australia",fitnessworksnt.com.au,+61 8 8948 1061
Darwin,F45 Training Darwin,"45 Stuart Hwy, Stuart Park NT 0800, Australia",f45training.com.au,+61 438 253 108
Darwin,Next Level Gym,"1/35 Granites Dr, Rosebery NT 0832, Australia",nextlevelgym.com.au,+61 8 8932 9476
Darwin,Monkey Bar Gym Australia,"13 Travers St, Coconut Grove NT 0820, Australia",monkeybargymaustralia.com.au,+61 409 592 070
Darwin,CrossFit Abode,"12 Swan Cres, Winnellie NT 0820, Australia",crossfitabode.com,+61 428 244 176
Darwin,Pump'd Health and Fitness,"7 Bishop St, Woolner NT 0820, Australia",pump-d.com.au,+61 472 595 046
Darwin,East Point Street Workout,"Alec Fong Lim Dr, East Point NT 0820, Australia",spartanparks.com.au,
Darwin,iFitness24/7 Coolalinga,"Shop T1-T2, Coolalinga Central, 425 Stuart Hwy, Coolalinga NT 0839, Australia",ifitness247.com.au,+61 8 8983 1034
Darwin,iFitness 24/7,"15 Temple Terrace, Gray NT 0830, Australia",ifitness247.com.au,+61 8 8932 1922
Darwin,Fernwood Fitness,"Unit 6/356 Bagot Rd, Millner NT 0810, Australia",fernwoodfitness.com.au,+61 8 8985 2623
Darwin,Fitnessworks Alawa,"Level 1/55 Alawa Cres, Alawa NT 0810, Australia",fitnessworksnt.com.au,+61 8 8967 1697
Darwin,Rich Life Health & Fitness,"1-3/51 Marina Blvd, Larrakeyah NT 0820, Australia",rlhf.com.au,+61 480 343 180
Darwin,Snap Fitness 24/7 Casuarina,"Shopping Village, Shop 23B/54 Bradshaw Terrace, Casuarina NT 0810, Australia",snapfitness.com,+61 459 334 100
Darwin,Sky Barre,"Unit 2 & 3/44 Cavenagh St, Darwin City NT 0800, Australia",skybarre.net.au,+61 8 8941 5838
Darwin,Built Different Boxing & Fitness 24/7 Darwin,"shed 4/5 Damaso Pl, Woolner NT 0820, Australia",joshiesboxingdarwin.com.au,+61 432 067 323
Darwin,Snap Fitness 24/7 Coolalinga,"10/43 Fairweather Cres, Coolalinga NT 0835, Australia",snapfitness.com,+61 447 800 964
Darwin,CrossFit Abode South,"Building 3/7 Toupein Rd, Yarrawonga NT 0830, Australia",crossfitabode.com,+61 428 244 176
Darwin,Krav Maga Global - Darwin,"4/273 Bagot Rd, Coconut Grove NT 0810, Australia",kravmagadarwin.com.au,+61 497 822 525
Darwin,De Been 100% Jiujitsu Darwin,"1/4 Charles St, Stuart Park NT 0800, Australia",dbjjdarwin.com,+61 401 118 500
Darwin,Core Body Health and Fitness,"Joan Fejo Park, 49 Odegaard Dr, Rosebery NT 0832, Australia",corebodyhealthandfitness.com,+61 437 106 947
Darwin,AGOY YOGA - Studio Classes in Darwin & Palmerston,"28 Bishop St, Woolner NT 0820, Australia",agoyyoga.com.au,+61 400 583 311
Darwin,CrossFit Kickass,"19 Georgina Cres, Yarrawonga NT 0830, Australia",crossfitkickass.com.au,+61 490 841 545
Darwin,F45 Training Palmerston,"Shop/14 Zuccoli Parade, Zuccoli NT 0832, Australia",f45training.com.au,+61 497 215 120
Darwin,Yoga Territory,"F1/29 Cavenagh St, Darwin City NT 0800, Australia",yogaterritory.com.au,+61 8 8121 4133
Darwin,Fitnimity Training,,fitnimitytraining.com.au,+61 468 769 957
Darwin,3D Fitness Studio,"3/11 Miles Rd, Berrimah NT 0828, Australia",3dfitnessstudio.com.au,+61 8 8985 5540
Darwin,Exercise Station,"275 Casuarina Dr, Rapid Creek NT 0810, Australia",darwin.nt.gov.au,
Darwin,Sheena Fitness Personal Training,"133 Stuart Hwy, Parap NT 0820, Australia",mailchimpsites.com,+61 421 831 659
Darwin,Combat Therapy Centre,"4/426 Stuart Hwy, Berrimah NT 0828, Australia",facebook.com,+61 428 899 923
Darwin,FEMFITLIFE,"22 Brook Cct, Zuccoli NT 0832, Australia",femfitlife.com.au,+61 419 815 243
Darwin,rebel Darwin,"360 Bagot Rd, Darwin City NT 0810, Australia",rebelsport.com.au,+61 8 8985 3999
Darwin,"The Pilates Way, Darwin","5/74 Winnellie Rd, Winnellie NT 0820, Australia",thepilateswaydarwin.com,+61 424 261 264
Darwin,Cia Paulista Australia BJJ - Darwin,"8/102 Coonawarra Rd, Winnellie NT 0820, Australia",cpabjj.com.au,+61 406 854 598
Darwin,KMA Martial Arts Academy Darwin,"9/18 Anictomatis Rd, Berrimah NT 0828, Australia",kmadarwin.com.au,+61 455 666 086
Darwin,Anytime Fitness,"6/8 Gregory Terrace, Alice Springs NT 0870, Australia",anytimefitness.com.au,+61 8 8953 1404
Darwin,EnglishWise Darwin,"5/90 Mitchell St, Darwin City NT 0800, Australia",englishwise.com.au,+61 426 205 638
Darwin,Darwin International Tennis Centre,"9 Abala Rd, Marrara NT 0812, Australia",play.tennis.com.au,+61 8 8945 9000
Darwin,Gymnastics Northern Territory,"4/20 Bishop St, Woolner NT 0820, Australia",nt.gymnastics.org.au,+61 8 8927 9262
Darwin,Nutrition Warehouse Darwin,"14/356 Bagot Rd, Darwin City NT 0810, Australia",nutritionwarehouse.com.au,+61 8 8948 1226
Darwin,Mach 1 Fitness,"4/2 Tang St, Coconut Grove NT 0810, Australia",mach1fitness.net,+61 414 631 383
Canberra,Anytime Fitness Canberra City,"Saraton Building, 34 E Row, Canberra ACT 2600, Australia",anytimefitness.com.au,+61 2 6230 4555
Canberra,Fitness First,"Shop EL01 Bunda St, Canberra ACT 2608, Australia",fitnessfirst.com.au,+61 2 6221 5901
Canberra,CrossFit Three Flow Canberra City,"161 London Cct, Canberra ACT 2601, Australia",crossfitthreeflow.com,
Canberra,Elements Fitness,"24 Mort St, Braddon ACT 2612, Australia",elementsfitnessact.com.au,+61 402 581 977
Canberra,Alive Health & Fitness,"Cnr. Hindmarsh Dr. and Jerrabomberra Ave, Narrabundah ACT 2604, Australia",alivehealthclubs.com.au,+61 2 6295 9500
Canberra,F45 Training Braddon,"16, G4/18 Mort St, Canberra ACT 2601, Australia",f45training.com,+61 424 717 736
Canberra,ANU Sport,"The Australian National University, 19 North Rd, Acton ACT 2601, Australia",anu-sport.com.au,+61 2 6125 2273
Canberra,Canberra Fitness Centre,"Unit 4/83-101 Lysaght St, Mitchell ACT 2911, Australia",canberrafitnesscentre.com.au,+61 438 248 191
Canberra,Anytime Fitness,"Unit 71/71 Giles St, Kingston ACT 2604, Australia",anytimefitness.com.au,+61 2 6295 9952
Canberra,Club Lime Braddon,,clublime.com.au,+61 2 6242 3970
Canberra,Praksis,"G08/15 Provan St, Campbell ACT 2612, Australia",praksis.com.au,
Canberra,Golds Gym Fyshwick,"21 Beaconsfield St, Fyshwick ACT 2609, Australia",goldsgym.com.au,+61 2 6239 2138
Canberra,Anytime Fitness,"Level 1/47 Newcastle St, Fyshwick ACT 2609, Australia",anytimefitness.com.au,+61 2 6280 6425
Canberra,Anytime Fitness,"1/4 - 14 Woolley St, Dickson ACT 2602, Australia",anytimefitness.com.au,+61 431 575 034
Canberra,Anytime Fitness Stellar,"Level 1/50 Launceston St, Phillip ACT 2606, Australia",anytimefitness.com.au,+61 2 6283 7340
Canberra,Hale Gym Day Spa Canberra,"10-14 Macquarie St, Barton ACT 2600, Australia",halehealth.com.au,+61 2 6188 3299
Canberra,The Athletic Club CBR,"140/81 Constitution Ave, Campbell ACT 2612, Australia",theathleticclubcbr.com.au,+61 431 196 281
Canberra,Stockade Training Centre,"7 Kembla St, Fyshwick ACT 2609, Australia",stockadetraining.com.au,+61 424 123 039
Canberra,THE DEN Canberra,"70 Kent St, Deakin ACT 2600, Australia",thedencanberra.com,+61 405 415 187
Canberra,SCHC,"Stellar Canberra, Level 4/50 Launceston St, Phillip ACT 2606, Australia",schc.com.au,+61 2 6283 7340
Canberra,Fitness First Deakin,"81 MacGregor St, Deakin ACT 2600, Australia",fitnessfirst.com.au,+61 2 6221 9600
Canberra,BodyBlitz Fitness,"Level 1/31-35 Nettlefold St, Belconnen ACT 2617, Australia",bodyblitzfitness.com.au,+61 422 594 934
Canberra,Community Fitness Canberra,"21/151-155 Gladstone St, Fyshwick ACT 2609, Australia",cfcbr.com,+61 402 564 022
Canberra,Functional Fitness Australia,"1a/67-71 Vicars St, Mitchell ACT 2911, Australia",funcfitness.com.au,+61 448 288 252
Canberra,Functional Fitness Australia,"59 Constitution Ave, Campbell ACT 2612, Australia",clublime.com.au,+61 131244
Canberra,Elements4Life Team Training Centre,"Unit 79/81 / 170 Flemington Rd, Harrison ACT 2914, Australia",elements4life.com.au,+61 414 437 889
Canberra,Powerhouse Gym,"196 Mouat St, Lyneham ACT 2602, Australia",powerhousegymcbr.com.au,+61 438 474 844
Canberra,Anytime Fitness,"92-95 Corinna St, Phillip ACT 2606, Australia",anytimefitness.com.au,+61 431 918 718
Canberra,Flames Fitness,"1 Colville St, Lyneham ACT 2602, Australia",flamesfitness.com.au,+61 2 6257 1483
Canberra,Fitness Grand,"40/42 Franklin St, Griffith ACT 2603, Australia",fitnessgrand.com.au,+61 2 6260 8883
Canberra,Galvanized Fitness,"Block F, Canberra Technology Park, 49 Phillip Ave, Watson ACT 2602, Australia",galvanizedfitness.com.au,+61 402 422 399
Canberra,Anytime Fitness Gungahlin,"33/46 Hibberson St, Gungahlin ACT 2912, Australia",anytimefitness.com.au,+61 428 988 005
Canberra,The Strength Syndicate,"10 Weetangera Pl, Weetangera ACT 2614, Australia",thestrengthsyndicatecbr.com,+61 406 713 377
Canberra,Club Lime Platinum Belconnen (CISAC),"Canberra International Sports and Aquatic Centre, 100 Eastern Valley Way, Bruce ACT 2617, Australia",clublime.com.au,+61 2 6251 7888
Canberra,Ultra Fitness and Strength,"4/116-118 Wollongong St, Fyshwick ACT 2609, Australia",ultrafitnessandstrength.com.au,+61 423 360 752
Canberra,Synergy Self Defence & Fitness,"32 Gladstone St, Fyshwick ACT 2609, Australia",synergyselfdefence.com.au,+61 2 6260 2813
Canberra,Plus Fitness 24/7 Tuggeranong,"Upper Level, Shop 10 South.Point Tuggeranong, Athllon Dr, Greenway ACT 2900, Australia",plusfitness.com.au,+61 2 5112 2222
Canberra,Snap Fitness Kambah,"9 Jenke Cct, Kambah ACT 2902, Australia",snapfitness.com,+61 402 402 374
Canberra,Snap Fitness Kambah,"10 National Circuit, Barton ACT 2600, Australia",f45training.com,+61 2 6273 8571
Canberra,Curves Jamison,"Cnr Redfern and, Bowman St, Macquarie ACT 2614, Australia",curves.com,+61 2 6251 1111
Canberra,HIIT Republic Braddon,"Shop 2/4 Lonsdale St, Braddon ACT 2612, Australia",hiitrepublic.com.au,+61 131244
Canberra,Orangetheory Fitness Gunghalin,"10 Gribble St, Gungahlin ACT 2912, Australia",orangetheory.com,+61 2 6210 5010
Canberra,Club Lime Gungahlin,"Level 1, Gungahlin Square, 43 Hibberson St, Gungahlin ACT 2912, Australia",clublime.com.au,+61 2 6123 0666
Canberra,SpeedFit Kingston,"6/81 Giles St, Kingston ACT 2604, Australia",speedfit.com.au,+61 2 6190 8895
Canberra,CIT Gym,"Bruce ACT 2617, Australia",cit.edu.au,+61 2 6207 4309
Canberra,Snap Fitness 24/7 Kaleen,"Unit 2/16 Georgina Cres, Kaleen ACT 2617, Australia",snapfitness.com,+61 414 543 813
Canberra,GYMMBOXX Canberra Plaza,"133 Canberra View, #03-04/05, Canberra Plaza, Singapore 750133",gymmboxx.com,
Canberra,Anytime Fitness,"8 Liardet St, Weston ACT 2611, Australia",anytimefitness.com.au,+61 412 829 164
Canberra,Aequus movement,"LG02/1 The Causeway, Kingston ACT 2604, Australia",aequusmovement.com.au,+61 436 282 490
Canberra,Anytime Fitness,"12 Sidney Nolan St, Conder ACT 2906, Australia",anytimefitness.com.au,+61 2 6284 7227
Canberra,Vikings 24/7 Fitness,"6 Ricardo St, Wanniassa ACT 2903, Australia",vikingshealthandfitness.com,+61 2 6231 6597
Canberra,Club Lime Belconnen (Oatley Court),"25 Oatley Ct, Belconnen ACT 2616, Australia",clublime.com.au,+61 2 6123 0644
Canberra,Club Lime Tuggeranong,"Unit 1/25 Bartlet Pl, Greenway ACT 2900, Australia",clublime.com.au,+61 2 6123 0633
Canberra,Club Lime Constitution Place,"1 Constitution Ave, Canberra ACT 2601, Australia",clublime.com.au,+61 2 5104 4422
Canberra,Club Lime Mawson,"Mawson Southlands Shopping Centre, Level 1 Mawson Dr, Mawson ACT 2607, Australia",clublime.com.au,+61 2 6123 0677
Canberra,Phoenix Muay Thai,"Cnr Essington Street &, McEacharn Pl, Mitchell ACT 2911, Australia",phoenixgym.com.au,+61 408 570 961
Canberra,Phoenix Muay Thai,"Shop G16/40 Marcus Clarke St, Canberra ACT 2601, Australia",hiitrepublic.com.au,+61 131244
Canberra,Fernwood Fitness,"35 Benjamin Way, Belconnen ACT 2617, Australia",fernwoodfitness.com.au,+61 2 6251 5299
Canberra,Fernwood Fitness,"Stage 2, Level 1/30 Hibberson St, Gungahlin ACT 2912, Australia",fernwoodfitness.com.au,+61 2 6255 0991
Canberra,G-Train Health & Fitness,"Parkes Pl W, Parkes ACT 0200, Australia",g-train.com.au,+61 417 405 096
Canberra,Higher Function Physio & Pilates,"Suite 4, Level 1/23 Petrie Plaza, Canberra ACT 2601, Australia",higherfunction.com.au,+61 2 6262 9664
Canberra,CrossFit,"18-20 Colbee Ct, Phillip ACT 2606, Australia",crossfitsmash.com.au,+61 413 805 867
Canberra,Club Lime Woden (Westfield Woden),,clublime.com.au,+61 2 6123 0699
Canberra,Canberra International Sports and Aquatic Centre,"100 Eastern Valley Way, Bruce ACT 2617, Australia",cisac.com.au,+61 2 6251 7888
Canberra,Canberra PCYC Erindale Centre,"17 Grattan Ct, Wanniassa ACT 2903, Australia",pcyc.net.au,+61 2 6296 1292
Canberra,Club Lime Aquatics ANU,"Building 156 Gym and Pool Building Health and Wellbeing Centre, Joplin Ln, Acton ACT 2601, Australia",clublime.com.au,+61 2 6163 8060
Canberra,The Clubhouse Spa & Fitness Centre,"Hotel Canberra, 120 Commonwealth Ave, Canberra ACT 2600, Australia",hyatt.com,+61 2 6270 1234
Canberra,F45 Training Dickson,"490 Northbourne Ave, Dickson ACT 2602, Australia",f45training.com.au,+61 424 717 736
Canberra,Simon Le Coach,"24 Mort St, Braddon ACT 2612, Australia",simonlecoaching.com,+61 415 155 183
Canberra,Gymquip Fitness & Spas,"16 Goolwa Pl, Fyshwick ACT 2609, Australia",gymquipfitness.com,+61 2 6280 4447
=======,,,,
Sydney,Premier Health And Fitness Centre,"170 Castlereagh St, Sydney NSW 2000, Australia",premierhealthandfitness.com.au,+61 2 8319 0444
Sydney,Plus Fitness 24/7,"25 Market St, Sydney NSW 2000, Australia",plusfitness.com.au,+61 2 9264 0777
Sydney,World Gym Castlereagh,"199 Castlereagh St, Sydney NSW 2000, Australia",worldgym.com,+61 2 9137 3287
Sydney,Virgin Active Pitt Street (MidCity Centre),"2/197 Pitt Street Mall, Sydney NSW 2000, Australia",virginactive.com.au,+61 2 8240 6000
Sydney,98 Gym,"98 Riley St, Darlinghurst NSW 2010, Australia",98gym.com,+61 1300 280 289
Sydney,SOMA Collection,"Chifley Tower 2 Chifley Square Ground floor, Sydney NSW 2000, Australia",somacollection.com.au,+61 2 9169 9849
Sydney,Gold's Gym,"7-9 West St, North Sydney NSW 2060, Australia",goldsgym.com.au,+61 2 9956 5230
Sydney,Virgin Active Bligh Street,"2 Bligh St, Sydney NSW 2000, Australia",virginactive.com.au,+61 2 8650 4400
Sydney,Fitness First The Zone Platinum,"175 Pitt St, Sydney NSW 2000, Australia",fitnessfirst.com.au,+61 2 9225 3900
Sydney,BFT Town Hall,"LG, 117 York St, Sydney NSW 2000, Australia",bodyfittraining.com,+61 415 130 226
Sydney,Fitness First Bond St Platinum,"20 Bond St, Sydney NSW 2000, Australia",fitnessfirst.com.au,+61 2 8215 0200
Sydney,Virgin Active Wynyard (Margaret Street),"Level 6/60 Margaret St, Sydney NSW 2000, Australia",virginactive.com.au,+61 2 8247 1100
Sydney,Be Athletic City,"Basement Level, 28 Margaret St, Sydney NSW 2000, Australia",beathleticfitness.com.au,+61 450 452 729
Sydney,Ultimate Fitness Centre,"Shop 4/309 Kent St, Sydney NSW 2000, Australia",ultimatefitnesscentre.com.au,+61 2 9262 6779
Sydney,UBX North Sydney,"150 Pacific Hwy, North Sydney NSW 2060, Australia",ubxtraining.com,+61 466 234 662
Sydney,Plus Fitness 24/7 Darlinghurst,"172 Riley St, Darlinghurst NSW 2010, Australia",plusfitness.com.au,+61 2 9331 3355
Sydney,Prime Strength,"1/228 Elizabeth St, Surry Hills NSW 2010, Australia",primestrength.com.au,+61 428 877 307
Sydney,Summer Hill Gym,"1 Hardie Ave, Summer Hill NSW 2130, Australia",summerhillgym.com.au,+61 426 204 604
Sydney,Fitness First George Street Platinum,"259 George St, Sydney NSW 2000, Australia",fitnessfirst.com.au,+61 2 8669 6300
Sydney,BodyZone 24/7,"446 Botany Rd, Alexandria NSW 2015, Australia",bodyzone247.com.au,+61 2 9699 6882
Sydney,Accelerate Strength,"Unit 17/5-13 Parsons St, Rozelle NSW 2041, Australia",acceleratestrength.com.au,+61 409 988 094
Sydney,The Gym,"Level 1/378 Pacific Hwy, Crows Nest NSW 2065, Australia",thegymstleonards.com.au,+61 414 765 250
Sydney,REUNION Training Kent St,"Lumley House, 305 Kent St, Sydney NSW 2000, Australia",reuniontraining.com,+61 418 448 049
Sydney,Sydney Strength Training,"Unit B2/1 Cahill St, Annandale NSW 2038, Australia",sydneystrengthtraining.com.au,+61 435 347 435
Sydney,Fitness First Park St Platinum,"2 Park St, Sydney NSW 2000, Australia",fitnessfirst.com.au,+61 2 8263 3000
Sydney,Juanita Nielsen Community Centre,"31 Nicholson St, Woolloomooloo NSW 2011, Australia",cityofsydney.nsw.gov.au,+61 2 9265 9146
Sydney,Fitillion: Personalised Group Fitness,"49/51 York St, Sydney NSW 2000, Australia",fitillion.com,+61 2 7257 3337
Sydney,KGV Recreation Centre,"15 Cumberland St, The Rocks NSW 2000, Australia",cityofsydney.nsw.gov.au,+61 2 9265 9868
Sydney,Fitness First Darlinghurst Platinum,"Level 2/63 Oxford St, Darlinghurst NSW 2010, Australia",fitnessfirst.com.au,+61 2 8116 4200
Sydney,Affordable Fitness,"61/1183 The Horsley Dr, Wetherill Park NSW 2164, Australia",ufcgyms.com.au,+61 2 9087 3222
Sydney,Cycology Club,"350 Bourke St, Surry Hills NSW 2010, Australia",cycologyclub.com,+61 421 147 737
Sydney,Olympus Gym,"77 Jacaranda Ave, Bradbury NSW 2560, Australia",olympusgym.com.au,+61 434 971 799
Sydney,UFC GYM Bankstown,"Level 1/25 Restwell St, Bankstown NSW 2200, Australia",ufcgyms.com.au,+61 2 9709 4444
Melbourne,Crunch Fitness - Wickham,"4880 N Wickham Rd, Melbourne, FL 32940",crunch.com,(321) 348-0037
Melbourne,Fitness First Melbourne Central Platinum,"211 La Trobe St, Melbourne VIC 3000, Australia",fitnessfirst.com.au,+61 3 9935 2600
Melbourne,Virgin Active Collins Street,"1/567 Collins St, Melbourne VIC 3000, Australia",virginactive.com.au,+61 3 9206 9100
Melbourne,Fitness First Flinders St Platinum,"level 2 & 3/276 Flinders St, Melbourne VIC 3000, Australia",fitnessfirst.com.au,+61 3 9616 4400
Melbourne,City Club Health and Fitness Centre,"123 Collins St, Melbourne VIC 3000, Australia",hyatt.com,+61 3 9653 4894
Melbourne,Virgin Active Bourke Street,"138 Bourke St, Melbourne VIC 3000, Australia",virginactive.com.au,+61 3 9268 5300
Melbourne,Kaya Health Clubs Melbourne CBD,"Emporium Melbourne, 287 Lonsdale St, Melbourne VIC 3000, Australia",kayahealthclubs.com.au,+61 3 9090 1050
Melbourne,GYM RETRO,"118-120 Albert St, Brunswick VIC 3056, Australia",fittox.com.au,+61 3 8388 7341
Melbourne,Fitness First QV Platinum,"Cnr Lonsdale &, Russell St, Melbourne VIC 3000, Australia",fitnessfirst.com.au,+61 3 8665 4000
Melbourne,CrossFit Vault - Vault Fitness,"level b/224 Queen St, Melbourne VIC 3000, Australia",vaultfit.com.au,+61 3 9077 7571
Melbourne,BFT North Melbourne,"9 Cobden St, North Melbourne VIC 3051, Australia",bft.studio,+61 433 962 393
Melbourne,South Pacific Health Club Port Melbourne,"2-6 Bay St, Port Melbourne VIC 3207, Australia",southpacifichc.com.au,+61 3 9525 3533
Melbourne,Melbourne Calisthenics,"12 Lothian St, North Melbourne VIC 3051, Australia",melbournecalisthenics.com.au,+61 406 217 122
Melbourne,The Underground Fitness Club,"174 Peel St, North Melbourne VIC 3051, Australia",tufclub.com.au,+61 3 9329 2900
Melbourne,Muscle City Gym,"2/371 Ferntree Gully Rd, Mount Waverley VIC 3149, Australia",musclecity247.com.au,+61 1300 899 763
Melbourne,PRORAW GYM 24/7,"350A Blackburn Rd, Doncaster East VIC 3109, Australia",prorawgym.com,+61 3 8833 3880
Melbourne,Shan Private Gym,"89M/9 Waterside Pl, Docklands VIC 3008, Australia",shanprivategym.business.site,+61 484 677 777
Melbourne,Iron Revolution Gym,"11/22 Disney Ave, Keilor East VIC 3033, Australia",ironrevolution.com.au,+61 402 099 446
Melbourne,Dynamite Muay Thai,"Level 1/388 Bourke St, Melbourne VIC 3000, Australia",dynamitemuaythai.com,+61 3 9041 7241
Melbourne,North Melbourne Boxing & Fitness,"64 Sutton St, North Melbourne VIC 3051, Australia",boxing-fitness.com,+61 3 9328 8815
Melbourne,Atomic Gym,"109 Miller St, Epping VIC 3076, Australia",atomicgym.com.au,+61 3 8401 4007
Melbourne,Gym Square,"1/1 Rooks Rd, Nunawading VIC 3131, Australia",gymsquare.com.au,+61 421 888 625
Melbourne,Melbourne Fitness & Performance,"4/2D Indwe St, West Footscray VIC 3012, Australia",teammfp.com.au,+61 488 882 149
Melbourne,MBS GYM,"35 Cato St, Prahran VIC 3181, Australia",mbsgym.com.au,+61 3 9529 1900
Melbourne,EFM Health Clubs North Melbourne,"The Royal Melbourne Hospital, Flemington Rd, Parkville VIC 3051, Australia",efm.net.au,+61 415 990 887
Melbourne,Momentum Health & Fitness,"Level 4/211 La Trobe St, Melbourne VIC 3000, Australia",momentumfitness.com.au,+61 1300 152 051
Melbourne,Curves,"145 Dorcas St, South Melbourne VIC 3205, Australia",curves.com,+61 3 9686 2344
Melbourne,Health and Fitness Progressions,"2/19 Meyers Pl, Melbourne VIC 3000, Australia",hfprogressions.com.au,+61 417 302 462
Melbourne,Sam?s Stable,"203 Arden St, North Melbourne VIC 3051, Australia",samsstableboxing.com.au,+61 476 176 992
Melbourne,Kaya Health Clubs Prahran,"Pran Central Shopping Centre, 325 Chapel St, Prahran VIC 3181, Australia",kayahealthclubs.com.au,+61 3 9090 1000
Melbourne,Just Transformations Personal Training [MELBOURNE CBD],,justtransformations.com,
Melbourne,Tribute Boxing Collins Square,"Shop/2 Village St, Docklands VIC 3008, Australia",tributeboxing.com.au,+61 402 020 718
Brisbane,TAFE Queensland South Bank Fitness Centre,"A/Block 14 Glenelg St, South Brisbane QLD 4101, Australia",go.tafeqld.edu.au,+61 7 3244 5675
Brisbane,Invictus 5,"26 Harries Rd, Coorparoo QLD 4151, Australia",invictus5.com.au,+61 439 601 459
Brisbane,World Gym Brisbane,"20/44 Station Rd, Yeerongpilly QLD 4105, Australia",worldgym.com,+61 7 3848 7246
Brisbane,UBX South Brisbane (South Bank),"38 Hope St, South Brisbane QLD 4101, Australia",ubxtraining.com,+61 450 092 135
Brisbane,BFT South Brisbane,"5/165 Melbourne St, South Brisbane QLD 4101, Australia",bft.studio,+61 478 003 019
Brisbane,Cali-Fit Brisbane | Calisthenics & Bodyweight Gym in Brisbane,"Unit 5/23 Ashtan Pl, Banyo QLD 4014, Australia",cali-fit.com.au,+61 415 697 409
Brisbane,98 Gym Brisbane,"202 Montague Rd, West End QLD 4101, Australia",98gym.com,+61 449 523 709
Brisbane,Brisbane Boxing West End,"41 Vulture St, West End QLD 4101, Australia",brisbaneboxing.com.au,+61 468 855 790
Brisbane,Fitstop West End,"4/304 Montague Rd, West End QLD 4101, Australia",fitstop.com,+61 435 205 096
Brisbane,Cali-Fit South Brisbane,"3/47 Castlemaine St, Milton QLD 4064, Australia",thewildmovement.com.au,+61 433 761 815
Brisbane,QUT Gardens Point Fitness & Aquatic by YMCA,"P Block, Level/2 Gardens Point Rd, Brisbane City QLD 4000, Australia",ymcafitness.com,+61 7 3556 7647
Brisbane,The Bar Brisbane,"8/36 Bunya St, Eagle Farm QLD 4009, Australia",thebarbrisbane.com,+61 400 152 028
Brisbane,World Gym Brendale,"Connection Road, 2 Linkfield Rd, Brendale QLD 4500, Australia",worldgym.com,+61 7 2000 0033
Brisbane,Science Of Fitness,"282 Montague Rd, West End QLD 4101, Australia",scienceoffitness.com.au,+61 451 309 647
Brisbane,Valhalla Strength - South Brisbane,"10 Old Chatswood Rd, Daisy Hill QLD 4127, Australia",powerhousegymsouthside.com,+61 7 3089 5554
Brisbane,Goodlife Health Clubs Ashgrove,"3/1220 Sandgate Rd, Nundah QLD 4012, Australia",createfitness247.com.au,+61 7 3256 7932
Brisbane,Stronghold Gym,"2/3293 Logan Rd, Underwood QLD 4119, Australia",strongholdgym.com.au,+61 425 698 940
Brisbane,Goodlife Health Clubs Wynnum,,activatehealthfitness.com.au,+61 7 3726 5303
Brisbane,Brisbane Strength & Movement,"18/229 Junction Rd, Morningside QLD 4170, Australia",brisbanestrengthandmovement.com.au,+61 450 211 189
Brisbane,Urban Climb Newstead,"5 Morse St, Newstead QLD 4006, Australia",urbanclimb.com.au,+61 1300 001 203
Brisbane,Steel and Stone Gym,"2/629 Toohey Rd, Salisbury QLD 4107, Australia",steelandstonegym.com.au,+61 405 548 496
Brisbane,Steel and Stone Gym,"56 Zahel St, Carina QLD 4152, Australia",clemjonescentre.com.au,+61 7 3398 2107
Brisbane,Urban Climb Milton,"17 Roy St, Milton QLD 4064, Australia",urbanclimb.com.au,+61 1300 001 203
Brisbane,CBB Fit Gym,"128A Brookes St, Cnr of, Ann St, Fortitude Valley QLD 4006, Australia",cbbfit.com.au,+61 499 335 797
Perth,Surge Fitness 247 Perth CBD,"10 Telethon Ave, Perth WA 6000, Australia",surgefitness.com.au,+61 8 9408 5659
Perth,Victoria Avenue Fitness Centre,"2 Victoria Ave, Perth WA 6000, Australia",vicavefitness.com.au,+61 481 581 568
Perth,Plus Fitness,"3/448 Fitzgerald St, North Perth WA 6006, Australia",plusfitness.com.au,+61 8 9328 7400
Perth,Inner City Fitness - Inner City CrossFit,"1-3 Old Aberdeen Pl, West Perth WA 6005, Australia",innercityfitness.com.au,+61 8 9328 2002
Perth,Vault Fitness,"44 St Georges Terrace, Perth WA 6000, Australia",vaultfitness.com.au,+61 8 9221 7517
Perth,Double Down Fitness,"182 Wittenoom St, Perth WA 6004, Australia",doubledownfitness.com.au,+61 424 829 697
Perth,Snap Fitness West Leederville 24/7,"109 Cambridge St, West Leederville WA 6007, Australia",snapnation.com.au,+61 432 152 221
Perth,Re-Boot Collective North Perth,"18 Scarborough Beach Rd, North Perth WA 6006, Australia",re-bootcollective.com.au,+61 421 510 608
Perth,Rucci?s Gym,"7 Kalli St, Malaga WA 6090, Australia",ruccisgym.com,+61 403 608 056
Perth,Fairgains Fitness Studio,"181 Adelaide Terrace, East Perth WA 6004, Australia",fairgains.com.au,+61 418 913 234
Perth,Earn The Right,"72 Plaistowe Mews, West Perth WA 6005, Australia",earntheright.com.au,+61 403 846 188
Perth,Genesis Health and Fitness 24/7,"Bentley Plaza Shopping Centre, Entry near Woolworths, 1140 Albany Hwy, Bentley WA 6102, Australia",genesisfitness.com.au,+61 8 9356 3344
Perth,Roar Active Cockburn,"9/49 Armadale Rd, Cockburn Central WA 6164, Australia",roarfitness247.com.au,+61 8 9468 7778
Perth,Movement Co,"7/97 Hector St W, Osborne Park WA 6017, Australia",movementco.com.au,
Perth,Curtin Fitness Centre,"Bentley WA 6102, Australia",stadium.curtin.edu.au,
Perth,The Cuban Boxing Club,"144 Murray St, Perth WA 6000, Australia",m.facebook.com,+61 416 784 616
Perth,CrossFit ChasingBetter,"1/1 Pusey Rd, Cockburn Central WA 6164, Australia",crossfitchasingbetter.com.au,+61 447 170 633
Perth,Green Zone Fitness - Warwick,"Warwick Grove Shopping Centre, Cnr Beach &, Erindale Rd, Warwick WA 6024, Australia",greenzonefitness.com.au,+61 427 456 633
Perth,Next Gen Kings Park,"Enter via, 21 Kings Park Rd, Jorang Grv, Kings Park WA 6005, Australia",nextgenclubs.com.au,+61 8 9217 6300
Perth,Surge Fitness,"1387 Wanneroo Rd, Wanneroo WA 6065, Australia",surgefitness.com.au,+61 8 9408 5659
Perth,Evolution MMA & Fitness,"6/19 Innovation Cct, Wangara WA 6065, Australia",evolution-mma.com.au,+61 476 246 605
Perth,BFT West Perth,"160 Railway Parade, West Leederville WA 6007, Australia",bodyfittraining.com,+61 458 492 710
Perth,Parkfit Outdoor Personal Training Perth,"38/76 Newcastle St, Perth WA 6000, Australia",parkfitgyms.com.au,+61 458 724 518
Perth,Ringside Boxing & Fitness,"49 Gladstone St, Perth WA 6000, Australia",ringsideboxingandfitness.com.au,+61 411 043 314
Perth,Pinky's Gym,"unit 11/32 Hines Rd, O'Connor WA 6163, Australia",pinkysgym.com,+61 468 920 576
Perth,Good Vibes Boxing,"505 Newcastle St, West Perth WA 6005, Australia",goodvibesboxing.com,+61 439 632 396
Adelaide,Revive Gym,"Basement/120-128 Gouger St, Adelaide SA 5000, Australia",ironindustrygym.com.au,+61 410 588 880
Adelaide,Snap Fitness,"100 Pirie St, Adelaide SA 5000, Australia",snapfitness.com.au,+61 488 807 627
Adelaide,The Fitness Hub,"Level 5 Union House, Victoria Dr, Adelaide SA 5005, Australia",adelaideunisport.com.au,+61 8 8313 6999
Adelaide,Purpose Fitness Adelaide,"316 Prospect Rd, Prospect SA 5082, Australia",purposefitnessadelaide.com.au,+61 466 677 479
Adelaide,Orangetheory Fitness Hawthorn (SA),"202 Belair Rd, Hawthorn SA 5062, Australia",orangetheory.com,+61 8 8490 0910
Adelaide,Blackbird Fitness,"Level 1, 200/220 Commercial Rd, Port Adelaide SA 5015, Australia",blackbirdfitness.com.au,+61 8 7226 9153
Adelaide,CrossFit Adelaide,"4/1 Barrpowell St, Welland SA 5007, Australia",crossfitadelaide.com,+61 404 317 353
Adelaide,Bowden Gym Collective (formerly NAFC),"2A Hawker St, Ovingham SA 5082, Australia",bowdengymcollective.com.au,+61 8 8344 7187
Adelaide,Australian Muscle The Gym 24/7,"130 Bridge Rd, Pooraka SA 5095, Australia",facebook.com,+61 8 8262 2086
Adelaide,Revolution Health Clubs,"3/75A Angas St, Adelaide SA 5000, Australia",revolutionhealthclubs.com.au,+61 402 372 687
Adelaide,Zap Fitness 24/7 Adelaide CBD,"41 Currie St, Adelaide SA 5000, Australia",zapfitness.com.au,+61 1300 927 348
Adelaide,Fitness Life Studios,"2/232 Mount Barker Rd, Aldgate SA 5154, Australia",fitnesslife.com.au,+61 8 8339 1455
Adelaide,EFM Health Club North Terrace,"Port Rd, Adelaide SA 5000, Australia",efm.net.au,+61 419 036 730
Adelaide,Adelaide Personal Trainer | Gym To You,,gymtoyou.net.au,+61 412 086 468
Adelaide,"University of South Australia, Pridham Hall","211/213 Hindley St, Adelaide SA 5000, Australia",unisasport.edu.au,+61 8 8302 0661
Adelaide,EFM Health Club City - Nth Tce Sahmri,"1 North Terrace, Adelaide SA 5000, Australia",efm.net.au,+61 433 419 661
Adelaide,"Boxing Club ""TRACTOR""","87 Tapleys Hill Rd, Hendon SA 5014, Australia",adelaideboxing.com.au,+61 413 106 367
Adelaide,Adelaide Hills Recreation Centre,"2 Howard Ln, Mount Barker SA 5251, Australia",adelaidehillsrc.com.au,+61 8 8391 0222
Adelaide,HYROX,"32 Magill Rd, Norwood SA 5067, Australia",karmony.com.au,+61 422 427 126
Adelaide,Team Balboa BJJ,"65 Hyde St, Adelaide SA 5000, Australia",facebook.com,
Adelaide,Elementary Fitness,"7 Carrington St, Adelaide SA 5000, Australia",elementaryfitness.com.au,+61 418 191 991
>>>>>>> 4035088718ec0d1336d2c0ee8f849890a75877b8,,,,
